Workbook

Sheet Portada
F1: Cuaderno Número: | G1: 001
A4: Cuaderno de Ingeniería
A5: Universidad de Guadalajara
A8: Ana Elena Macías Amezcua | C8: Maestro: Edgar Cossio
A9: ana.macias@alumnos.udg.mx
B13: Fecha de apertura | C13: 46125 | D13: Fecha de cierre | E13: 46159

Sheet Índice
C4: Contenido de cuadernos de Ingeniería
B5: Página | C5: Temas | D5: Fechas
B6: 1 | C6: Portada y Datos del Ingeniero | D6: 13/04/2026
B7: 2 | C7: Índice de Contenidos | D7: 13/04/2026
B8: 3 | C8: Análisis de Requerimientos (IEEE-830 / SRS) | D8: 17/04/2026
B9: 4 | C9: Tabla de Requerimientos de Software (TRS) | D9: 19/04/2026
B10: 5 | C10: Tabla de Casos de Uso (TDCU) | D10: 19/04/2026
B11: 6 | C11: Diagrama de Casos de Uso | D11: 22/04/2026
B12: 7 | C12: Diagrama de Secuencia | D12: 25/04/2026
B13: 8 | C13: Diagrama de Comunicación | D13: 25/04/2026
B14: 9 | C14: Diagrama de Clases | D14: 26/04/2026
B15: 10 | C15: Diagrama de Estados | D15: 27/04/2026
B16: 11 | C16: Diagrama de Actividades | D16: 27/04/2026
B17: 12 | C17: Diagrama de Nodos / Despliegue | D17: 28/04/2026
... B21: 16 | C21: Resumen Semanal de Actividades | D21: Continuo

Sheet Control de interrupciones
C1: Ana Elena Macías Amezcua | I1: 46159
B4: 46125 | C4: 0.375 | D4: 0.41666667 | E4: 0 | F4: 60 | G4: Lectura y comprensión del enunciado del proyecto | H4: Revisión README y estructura del repo GitHub
B5: 46129 | C5: 0.72916667 | D5: 0.77083333 | E5: 0 | F5: 60 | G5: Elaboración del PSP (Cuaderno de Ingeniería) | H5: Formato PSP inicial
B6: 46131 | C6: 0.39583333 | D6: 0.64583333 | E6: 10 | F6: 350 | G6: Análisis y elaboración IEEE-830 / SRS | H6: Revisión de requerimientos funcionales y no funcionales | I6: Fecha_________________
B7: 46131 | C7: 0.66666667 | D7: 0.72916667 | E7: 0 | F7: 90 | G7: Elaboración de Tabla de Requerimientos (TRS) | I7: Class__________________
B8: 46134 | C8: 0.72916667 | D8: 0.77083333 | E8: 5 | F8: 55 | G8: Elaboración TDCU (Tabla Descriptiva de Casos de Uso) | H8: Revisión y correcciones
B9: 46137 | C9: 0.41666667 | D9: 0.5 | E9: 0 | F9: 120 | G9: Modelado Diagrama de Casos de Uso (UML) | H9: diagrams.net | I9: C | J9: U
B10: 46137 | C10: 0.52083333 | D10: 0.58333333 | E10: 0 | F10: 90 | G10: Modelado Diagrama de Secuencia (UML) | H10: diagrams.net
B11: 46138 | C11: 0.41666667 | D11: 0.47916667 | E11: 0 | F11: 90 | G11: Modelado Diagrama de Comunicación (UML) | H11: diagrams.net
B12: 46138 | C12: 0.5 | D12: 0.58333333 | E12: 0 | F12: 120 | G12: Modelado Diagrama de Clases (UML) | H12: diagrams.net
B13: 46139 | C13: 0.41666667 | D13: 0.45833333 | E13: 0 | F13: 60 | G13: Modelado Diagrama de Estados (UML) | H13: diagrams.net
B14: 46139 | C14: 0.47916667 | D14: 0.52083333 | E14: 0 | F14: 60 | G14: Modelado Diagrama de Actividades (UML) | H14: diagrams.net
B15: 46139 | C15: 0.54166667 | D15: 0.57291667 | E15: 0 | F15: 45 | G15: Análisis de Project Libre | H15: Revisión de tareas y cronograma
B16: 46140 | C16: 0.375 | D16: 0.41666667 | E16: 0 | F16: 60 | G16: Modelado Diagrama de Nodos / Despliegue (UML) | H16: diagrams.net
B17: 46140 | C17: 0.4375 | D17: 0.47916667 | E17: 0 | F17: 60 | G17: Modelado Diagrama de Componentes (UML) | H17: diagrams.net
B18: 46140 | C18: 0.5 | D18: 0.54166667 | E18: 0 | F18: 60 | G18: Creación y organización del repositorio GitHub | H18: Subida de diagramas y docs
B19: 46147 | C19: 0.375 | D19: 0.45833333 | E19: 0 | F19: 120 | G19: Revisión y validación de documentos entregables | H19: Correcciones finales SRS y diagramas
B20: 46152 | C20: 0.41666667 | D20: 0.47916667 | E20: 0 | F20: 90 | G20: Revisión final y preparación de entrega | H20: Compilación de todos los entregables
B21: 46137 | C21: 0.41666667 | D21: 0.5625 | E21: 12 | F21: 120 | G21: Modelado Diagrama de Casos de Uso (UML) v2 | H21: diagrams.net
... B29: 46152 | C29: 0.41666667 | D29: 0.4875 | E29: 12 | F29: 90 | G29: Revisión final y preparación de entrega | H29: Compilación de todos los entregables

Sheet Resumen Semanal de Actividades
F2: EL RESUMEN SEMANAL DE ACTIVIDADES
B5: Nombre | C5: Ana Elena Macías Amezcua | I5: Fecha: 13/04/2026 – 19/04/2026
A6: 1 | B6: Tarea | C6: Lectura del proyecto | D6: Elaboración PSP | E6: Análisis IEEE-830/SRS | F6: Elaboración TRS | G6: Entrevista/Roles | H6: Elaboración TDCU | I6: Diagramas UML | J6: Correcciones SRS | K6: Total
A7: 2 | B7: Fecha
A8: 3 | B8: L 13/04/2026 | C8: 60 | K8: =SUM(C8:J8) -> 60
A9: 4 | B9: M 14/04/2026 | K9: =SUM(C9:J9) -> 0
A10: 5 | B10: MI 15/04/2026 | K10: =SUM(C10:J10) -> 0
A11: 6 | B11: J 16/04/2026 | K11: =SUM(C11:J11) -> 0
A12: 7 | B12: V 17/04/2026 | C12: 60 | D12: 60 | K12: =SUM(C12:J12) -> 120
A13: 8 | B13: S 18/04/2026 | K13: =SUM(C13:J13) -> 0
A14: 9 | B14: D 19/04/2026 | E14: 350 | F14: 90 | K14: =SUM(C14:J14) -> 440
A15: 10 | B15: Totales | C15: =SUM(C7:C14) -> 120 | D15: =SUM(D7:D14) -> 60 | E15: =SUM(E7:E14) -> 350 | F15: =SUM(F7:F14) -> 90 | G15: =SUM(G7:G14) -> 0 | H15: =SUM(H7:H14) -> 0 | I15: =SUM(I7:I14) -> 0 | J15: =SUM(J7:J14) -> 0 | K15: =SUM(K7:K14) -> 620
A16: 11 | B16: Tiempos y Medidas del Periodo Número de Semanas (número anterior +1): ____________
A17: 12 | B17: Resumen de las semanas anteriores
A18: 13 | B18: Totales | C18: 0 | D18: 0 | E18: 0 | F18: 0 | G18: 0 | H18: 0 | I18: 0 | J18: 0 | K18: 0
A19: 14 | B19: Med. | C19: =MEDIAN(C8:C14) -> 60 | D19: =MEDIAN(D8:D14) -> 60 | E19: =MEDIAN(E8:E14) -> 350 | F19: =MEDIAN(F8:F14) -> 90 | G19: =IFERROR(MEDIAN(G8:G14),0) -> 0 | H19: =IFERROR(MEDIAN(H8:H14),0) -> 0 | I19: =IFERROR(MEDIAN(I8:I14),0) -> 0 | J19: =IFERROR(MEDIAN(J8:J14),0) -> 0 | K19: =MEDIAN(K8:K14) -> 0
A20: 15 | B20: Máx. | C20: =MAX(C8:C14) -> 60 | D20: =MAX(D8:D14) -> 60 | E20: =MAX(E8:E14) -> 350 | F20: =MAX(F8:F14) -> 90 | G20: =MAX(G8:G14) -> 0 | H20: =MAX(H8:H14) -> 0 | I20: =MAX(I8:I14) -> 0 | J20: =MAX(J8:J14) -> 0 | K20: =MAX(K8:K14) -> 440
A21: 16 | B21: Mín. | C21: =MIN(C8:C14) -> 60 | D21: =MIN(D8:D14) -> 60 | E21: =MIN(E8:E14) -> 350 | F21: =MIN(F8:F14) -> 90 | G21: =MIN(G8:G14) -> 0 | H21: =MIN(H8:H14) -> 0 | I21: =MIN(I8:I14) -> 0 | J21: =MIN(J8:J14) -> 0 | K21: =MIN(K8:K14) -> 0
A22: 17 | B22: Resumen incluyendo la última semana
A23: 18 | B23: Totales | C23: =C18+C15 -> 120 | D23: =D18+D15 -> 60 | E23: =E18+E15 -> 350 | F23: =F18+F15 -> 90 | G23: =G18+G15 -> 0 | H23: =H18+H15 -> 0 | I23: =I18+I15 -> 0 | J23: =J18+J15 -> 0 | K23: =K18+K15 -> 620
A24: 19 | B24: Avg. | C24: =IFERROR(C23/COUNTIF(C8:C14,">"&0),0) -> 60 | D24: =IFERROR(D23/COUNTIF(D8:D14,">"&0),0) -> 60 | E24: =IFERROR(E23/COUNTIF(E8:E14,">"&0),0) -> 350 | F24: =IFERROR(F23/COUNTIF(F8:F14,">"&0),0) -> 90 | G24: =IFERROR(G23/COUNTIF(G8:G14,">"&0),0) -> 0 | H24: =IFERROR(H23/COUNTIF(H8:H14,">"&0),0) -> 0 | I24: =IFERROR(I23/COUNTIF(I8:I14,">"&0),0) -> 0 | J24: =IFERROR(J23/COUNTIF(J8:J14,">"&0),0) -> 0 | K24: =IFERROR(K23/COUNTIF(K8:K14,">"&0),0) -> 206.66667
A25: 20 | B25: Máx. | C25: =MAX(C8:C14) -> 60 | D25: =MAX(D8:D14) -> 60 | E25: =MAX(E8:E14) -> 350 | F25: =MAX(F8:F14) -> 90 | G25: =MAX(G8:G14) -> 0 | H25: =MAX(H8:H14) -> 0 | I25: =MAX(I8:I14) -> 0 | J25: =MAX(J8:J14) -> 0 | K25: =MAX(K8:K14) -> 440
A26: 21 | B26: Min. | C26: =IFERROR(_xludf.minifs(C8:C14,C8:C14,">"&0),0) -> 0 | D26: =IFERROR(_xludf.minifs(D8:D14,D8:D14,">"&0),0) -> 0 | E26: =IFERROR(_xludf.minifs(E8:E14,E8:E14,">"&0),0) -> 0 | F26: =IFERROR(_xludf.minifs(F8:F14,F8:F14,">"&0),0) -> 0 | G26: =IFERROR(_xludf.minifs(G8:G14,G8:G14,">"&0),0) -> 0 | H26: =IFERROR(_xludf.minifs(H8:H14,H8:H14,">"&0),0) -> 0 | I26: =IFERROR(_xludf.minifs(I8:I14,I8:I14,">"&0),0) -> 0 | J26: =IFERROR(_xludf.minifs(J8:J14,J8:J14,">"&0),0) -> 0 | K26: =IFERROR(_xludf.minifs(K8:K14,K8:K14,">"&0),0) -> 0

Sheet Resumen por Semana
F2: RESUMEN ACUMULADO POR SEMANA
B5: Nombre | C5: Ana Elena Macías Amezcua
A6: 1 | B6: Semana | C6: Lectura del proyecto | D6: Elaboración PSP | E6: Análisis IEEE-830/SRS | F6: Elaboración TRS | G6: Entrevista cliente | H6: Elaboración TDCU | I6: Diagramas UML | J6: GitHub / Docs/Revisión | K6: Total
A7: 2 | B7: Semana 0 (Antecedente) | C7: 0 | D7: 0 | E7: 0 | F7: 0 | G7: 0 | H7: 0 | I7: 0 | J7: 0 | K7: 0
A8: 3 | B8: Semana 1 | C8: ='Resumen Semanal de Actividades'!C15 -> 120 | D8: ='Resumen Semanal de Actividades'!D15 -> 60 | E8: ='Resumen Semanal de Actividades'!E15 -> 350 | F8: ='Resumen Semanal de Actividades'!F15 -> 90 | G8: ='Resumen Semanal de Actividades'!G15 -> 0 | H8: ='Resumen Semanal de Actividades'!H15 -> 0 | I8: ='Resumen Semanal de Actividades'!I15 -> 0 | J8: ='Resumen Semanal de Actividades'!J15 -> 0 | K8: ='Resumen Semanal de Actividades'!K15 -> 620
A9: 4 | B9: Acumulado Sem. 1 | C9: =SUM(C7:C8) -> 120 | D9: =SUM(D7:D8) -> 60 | E9: =SUM(E7:E8) -> 350 | F9: =SUM(F7:F8) -> 90 | G9: =SUM(G7:G8) -> 0 | H9: =SUM(H7:H8) -> 0 | I9: =SUM(I7:I8) -> 0 | J9: =SUM(J7:J8) -> 0 | K9: =SUM(K7:K8) -> 620
A10: 6 | B10: Semana 2 | C10: ='Resumen Sem 2'!C15 -> 0 | D10: ='Resumen Sem 2'!D15 -> 0 | E10: ='Resumen Sem 2'!E15 -> 0 | F10: ='Resumen Sem 2'!F15 -> 0 | G10: ='Resumen Sem 2'!G15 -> 60 | H10: ='Resumen Sem 2'!H15 -> 55 | I10: ='Resumen Sem 2'!I15 -> 420 | J10: ='Resumen Sem 2'!J15 -> 0 | K10: ='Resumen Sem 2'!K15 -> 535
A11: 7 | B11: Acumulado Sem. 2 | C11: =SUM(C7:C10) -> 240 | D11: =SUM(D7:D10) -> 120 | E11: =SUM(E7:E10) -> 700 | F11: =SUM(F7:F10) -> 180 | G11: =SUM(G7:G10) -> 60 | H11: =SUM(H7:H10) -> 55 | I11: =SUM(I7:I10) -> 420 | J11: =SUM(J7:J10) -> 0 | K11: =SUM(K7:K10) -> 1775
A12: 8 | B12: Semana 3 | C12: ='Resumen Sem 3'!C15 -> 0 | D12: ='Resumen Sem 3'!D15 -> 0 | E12: ='Resumen Sem 3'!E15 -> 0 | F12: ='Resumen Sem 3'!F15 -> 0 | G12: ='Resumen Sem 3'!G15 -> 0 | H12: ='Resumen Sem 3'!H15 -> 0 | I12: ='Resumen Sem 3'!I15 -> 285 | J12: ='Resumen Sem 3'!J15 -> 60 | K12: ='Resumen Sem 3'!K15 -> 345
A13: 9 | B13: Acumulado Sem. 3 | C13: =SUM(C7:C12) -> 480 | D13: =SUM(D7:D12) -> 240 | E13: =SUM(E7:E12) -> 1400 | F13: =SUM(F7:F12) -> 360 | G13: =SUM(G7:G12) -> 120 | H13: =SUM(H7:H12) -> 110 | I13: =SUM(I7:I12) -> 1125 | J13: =SUM(J7:J12) -> 60 | K13: =SUM(K7:K12) -> 3895
B14: Semana 4 | C14: ='Resumen Sem 4'!C15 -> 0 | D14: ='Resumen Sem 4'!D15 -> 0 | E14: ='Resumen Sem 4'!E15 -> 0 | F14: ='Resumen Sem 4'!F15 -> 0 | G14: ='Resumen Sem 4'!G15 -> 0 | H14: ='Resumen Sem 4'!H15 -> 0 | I14: ='Resumen Sem 4'!I15 -> 0 | J14: ='Resumen Sem 4'!J15 -> 210 | K14: ='Resumen Sem 4'!K15 -> 210
B15: Acumulado Sem. 4 | C15: =SUM(C7:C14) -> 960 | D15: =SUM(D7:D14) -> 480 | E15: =SUM(E7:E14) -> 2800 | F15: =SUM(F7:F14) -> 720 | G15: =SUM(G7:G14) -> 240 | H15: =SUM(H7:H14) -> 220 | I15: =SUM(I7:I14) -> 2250 | J15: =SUM(J7:J14) -> 330 | K15: =SUM(K7:K14) -> 8000
A16: 10 | B16: Nota: Para agregar semanas futuras, inserta filas con los datos y su fila de Acumulado correspondiente.

Sheet Resumen Sem 2
F2: EL RESUMEN SEMANAL DE ACTIVIDADES
B5: Nombre | C5: Ana Elena Macías Amezcua | I5: Fecha: 20/04/2026 – 26/04/2026
A6: 1 | B6: Tarea | C6: Lectura del proyecto | D6: Elaboración PSP | E6: Análisis IEEE-830/SRS | F6: Elaboración TRS | G6: Entrevista cliente | H6: Elaboración TDCU | I6: Diagramas UML | J6: GitHub / Docs | K6: Total
A7: 2 | B7: Fecha
A8: 3 | B8: L 20/04/2026 | K8: =SUM(C8:J8) -> 0
A9: 4 | B9: M 21/04/2026 | K9: =SUM(C9:J9) -> 0
A10: 5 | B10: MI 22/04/2026 | H10: 55 | K10: =SUM(C10:J10) -> 55
A11: 6 | B11: J 23/04/2026 | G11: 60 | K11: =SUM(C11:J11) -> 60
A12: 7 | B12: V 24/04/2026 | K12: =SUM(C12:J12) -> 0
A13: 8 | B13: S 25/04/2026 | I13: 210 | K13: =SUM(C13:J13) -> 210
A14: 9 | B14: D 26/04/2026 | I14: 210 | K14: =SUM(C14:J14) -> 210
A15: 10 | B15: Totales | C15: =SUM(C7:C14) -> 0 | D15: =SUM(D7:D14) -> 0 | E15: =SUM(E7:E14) -> 0 | F15: =SUM(F7:F14) -> 0 | G15: =SUM(G7:G14) -> 60 | H15: =SUM(H7:H14) -> 55 | I15: =SUM(I7:I14) -> 420 | J15: =SUM(J7:J14) -> 0 | K15: =SUM(K7:K14) -> 535
A16: 11 | B16: Tiempos y Medidas del Periodo Número de Semanas (número anterior +1): ____________
A17: 12 | B17: Resumen de las semanas anteriores
A18: 13 | B18: Totales | C18: 120 | D18: 60 | E18: 350 | F18: 90 | G18: 0 | H18: 0 | I18: 0 | J18: 0 | K18: 620
A19: 14 | B19: Med. | C19: =IFERROR(MEDIAN(C8:C14),0) -> 0 | D19: =IFERROR(MEDIAN(D8:D14),0) -> 0 | E19: =IFERROR(MEDIAN(E8:E14),0) -> 0 | F19: =IFERROR(MEDIAN(F8:F14),0) -> 0 | G19: =IFERROR(MEDIAN(G8:G14),0) -> 60 | H19: =IFERROR(MEDIAN(H8:H14),0) -> 55 | I19: =IFERROR(MEDIAN(I8:I14),0) -> 210 | J19: =IFERROR(MEDIAN(J8:J14),0) -> 0 | K19: =MEDIAN(K8:K14) -> 55
A20: 15 | B20: Máx. | C20: =MAX(C8:C14) -> 0 | D20: =MAX(D8:D14) -> 0 | E20: =MAX(E8:E14) -> 0 | F20: =MAX(F8:F14) -> 0 | G20: =MAX(G8:G14) -> 60 | H20: =MAX(H8:H14) -> 55 | I20: =MAX(I8:I14) -> 210 | J20: =MAX(J8:J14) -> 0 | K20: =MAX(K8:K14) -> 210
A21: 16 | B21: Mín. | C21: =MIN(C8:C14) -> 0 | D21: =MIN(D8:D14) -> 0 | E21: =MIN(E8:E14) -> 0 | F21: =MIN(F8:F14) -> 0 | G21: =MIN(G8:G14) -> 60 | H21: =MIN(H8:H14) -> 55 | I21: =MIN(I8:I14) -> 210 | J21: =MIN(J8:J14) -> 0 | K21: =MIN(K8:K14) -> 0
A22: 17 | B22: Resumen incluyendo la última semana
A23: 18 | B23: Totales | C23: =C18+C15 -> 120 | D23: =D18+D15 -> 60 | E23: =E18+E15 -> 350 | F23: =F18+F15 -> 90 | G23: =G18+G15 -> 60 | H23: =H18+H15 -> 55 | I23: =I18+I15 -> 420 | J23: =J18+J15 -> 0 | K23: =K18+K15 -> 1155
A24: 19 | B24: Avg. | C24: =IFERROR(C23/COUNTIF(C8:C14,">"&0),0) -> 0 | D24: =IFERROR(D23/COUNTIF(D8:D14,">"&0),0) -> 0 | E24: =IFERROR(E23/COUNTIF(E8:E14,">"&0),0) -> 0 | F24: =IFERROR(F23/COUNTIF(F8:F14,">"&0),0) -> 0 | G24: =IFERROR(G23/COUNTIF(G8:G14,">"&0),0) -> 60 | H24: =IFERROR(H23/COUNTIF(H8:H14,">"&0),0) -> 55 | I24: =IFERROR(I23/COUNTIF(I8:I14,">"&0),0) -> 210 | J24: =IFERROR(J23/COUNTIF(J8:J14,">"&0),0) -> 0 | K24: =IFERROR(K23/COUNTIF(K8:K14,">"&0),0) -> 288.75
A25: 20 | B25: Máx. | C25: =MAX(C8:C14) -> 0 | D25: =MAX(D8:D14) -> 0 | E25: =MAX(E8:E14) -> 0 | F25: =MAX(F8:F14) -> 0 | G25: =MAX(G8:G14) -> 60 | H25: =MAX(H8:H14) -> 55 | I25: =MAX(I8:I14) -> 210 | J25: =MAX(J8:J14) -> 0 | K25: =MAX(K8:K14) -> 210
A26: 21 | B26: Min. | C26: =IFERROR(_xludf.minifs(C8:C14,C8:C14,">"&0),0) -> 0 | D26: =IFERROR(_xludf.minifs(D8:D14,D8:D14,">"&0),0) -> 0 | E26: =IFERROR(_xludf.minifs(E8:E14,E8:E14,">"&0),0) -> 0 | F26: =IFERROR(_xludf.minifs(F8:F14,F8:F14,">"&0),0) -> 0 | G26: =IFERROR(_xludf.minifs(G8:G14,G8:G14,">"&0),0) -> 0 | H26: =IFERROR(_xludf.minifs(H8:H14,H8:H14,">"&0),0) -> 0 | I26: =IFERROR(_xludf.minifs(I8:I14,I8:I14,">"&0),0) -> 0 | J26: =IFERROR(_xludf.minifs(J8:J14,J8:J14,">"&0),0) -> 0 | K26: =IFERROR(_xludf.minifs(K8:K14,K8:K14,">"&0),0) -> 0

Sheet Resumen Sem 3
F2: EL RESUMEN SEMANAL DE ACTIVIDADES
B5: Nombre | C5: Ana Elena Macías Amezcua | I5: Fecha: 27/04/2026 – 03/05/2026
A6: 1 | B6: Tarea | C6: Lectura del proyecto | D6: Elaboración PSP | E6: Análisis IEEE-830/SRS | F6: Elaboración TRS | G6: Entrevista cliente | H6: Elaboración TDCU | I6: Diagramas UML | J6: GitHub / Docs | K6: Total
A7: 2 | B7: Fecha
A8: 3 | B8: L 27/04/2026 | I8: 165 | K8: =SUM(C8:J8) -> 165
A9: 4 | B9: M 28/04/2026 | I9: 120 | J9: 60 | K9: =SUM(C9:J9) -> 180
A10: 5 | B10: MI 29/04/2026 | K10: =SUM(C10:J10) -> 0
A11: 6 | B11: J 30/04/2026 | K11: =SUM(C11:J11) -> 0
A12: 7 | B12: V 01/05/2026 | K12: =SUM(C12:J12) -> 0
A13: 8 | B13: S 02/05/2026 | K13: =SUM(C13:J13) -> 0
A14: 9 | B14: D 03/05/2026 | K14: =SUM(C14:J14) -> 0
A15: 10 | B15: Totales | C15: =SUM(C7:C14) -> 0 | D15: =SUM(D7:D14) -> 0 | E15: =SUM(E7:E14) -> 0 | F15: =SUM(F7:F14) -> 0 | G15: =SUM(G7:G14) -> 0 | H15: =SUM(H7:H14) -> 0 | I15: =SUM(I7:I14) -> 285 | J15: =SUM(J7:J14) -> 60 | K15: =SUM(K7:K14) -> 345
A16: 11 | B16: Tiempos y Medidas del Periodo Número de Semanas (número anterior +1): ____________
A17: 12 | B17: Resumen de las semanas anteriores
A18: 13 | B18: Totales | C18: 120 | D18: 60 | E18: 350 | F18: 90 | G18: 60 | H18: 55 | I18: 420 | J18: 0 | K18: 1155
A19: 14 | B19: Med. | C19: =IFERROR(MEDIAN(C8:C14),0) -> 0 | D19: =IFERROR(MEDIAN(D8:D14),0) -> 0 | E19: =IFERROR(MEDIAN(E8:E14),0) -> 0 | F19: =IFERROR(MEDIAN(F8:F14),0) -> 0 | G19: =IFERROR(MEDIAN(G8:G14),0) -> 0 | H19: =IFERROR(MEDIAN(H8:H14),0) -> 0 | I19: =IFERROR(MEDIAN(I8:I14),0) -> 142.5 | J19: =IFERROR(MEDIAN(J8:J14),0) -> 60 | K19: =MEDIAN(K8:K14) -> 0
A20: 15 | B20: Máx. | C20: =MAX(C8:C14) -> 0 | D20: =MAX(D8:D14) -> 0 | E20: =MAX(E8:E14) -> 0 | F20: =MAX(F8:F14) -> 0 | G20: =MAX(G8:G14) -> 0 | H20: =MAX(H8:H14) -> 0 | I20: =MAX(I8:I14) -> 165 | J20: =MAX(J8:J14) -> 60 | K20: =MAX(K8:K14) -> 180
A21: 16 | B21: Mín. | C21: =MIN(C8:C14) -> 0 | D21: =MIN(D8:D14) -> 0 | E21: =MIN(E8:E14) -> 0 | F21: =MIN(F8:F14) -> 0 | G21: =MIN(G8:G14) -> 0 | H21: =MIN(H8:H14) -> 0 | I21: =MIN(I8:I14) -> 120 | J21: =MIN(J8:J14) -> 60 | K21: =MIN(K8:K14) -> 0
A22: 17 | B22: Resumen incluyendo la última semana
A23: 18 | B23: Totales | C23: =C18+C15 -> 120 | D23: =D18+D15 -> 60 | E23: =E18+E15 -> 350 | F23: =F18+F15 -> 90 | G23: =G18+G15 -> 60 | H23: =H18+H15 -> 55 | I23: =I18+I15 -> 705 | J23: =J18+J15 -> 60 | K23: =K18+K15 -> 1500
A24: 19 | B24: Avg. | C24: =IFERROR(C23/COUNTIF(C8:C14,">"&0),0) -> 0 | D24: =IFERROR(D23/COUNTIF(D8:D14,">"&0),0) -> 0 | E24: =IFERROR(E23/COUNTIF(E8:E14,">"&0),0) -> 0 | F24: =IFERROR(F23/COUNTIF(F8:F14,">"&0),0) -> 0 | G24: =IFERROR(G23/COUNTIF(G8:G14,">"&0),0) -> 0 | H24: =IFERROR(H23/COUNTIF(H8:H14,">"&0),0) -> 0 | I24: =IFERROR(I23/COUNTIF(I8:I14,">"&0),0) -> 352.5 | J24: =IFERROR(J23/COUNTIF(J8:J14,">"&0),0) -> 60 | K24: =IFERROR(K23/COUNTIF(K8:K14,">"&0),0) -> 750
A25: 20 | B25: Máx. | C25: =MAX(C8:C14) -> 0 | D25: =MAX(D8:D14) -> 0 | E25: =MAX(E8:E14) -> 0 | F25: =MAX(F8:F14) -> 0 | G25: =MAX(G8:G14) -> 0 | H25: =MAX(H8:H14) -> 0 | I25: =MAX(I8:I14) -> 165 | J25: =MAX(J8:J14) -> 60 | K25: =MAX(K8:K14) -> 180
A26: 21 | B26: Min. | C26: =IFERROR(_xludf.minifs(C8:C14,C8:C14,">"&0),0) -> 0 | D26: =IFERROR(_xludf.minifs(D8:D14,D8:D14,">"&0),0) -> 0 | E26: =IFERROR(_xludf.minifs(E8:E14,E8:E14,">"&0),0) -> 0 | F26: =IFERROR(_xludf.minifs(F8:F14,F8:F14,">"&0),0) -> 0 | G26: =IFERROR(_xludf.minifs(G8:G14,G8:G14,">"&0),0) -> 0 | H26: =IFERROR(_xludf.minifs(H8:H14,H8:H14,">"&0),0) -> 0 | I26: =IFERROR(_xludf.minifs(I8:I14,I8:I14,">"&0),0) -> 0 | J26: =IFERROR(_xludf.minifs(J8:J14,J8:J14,">"&0),0) -> 0 | K26: =IFERROR(_xludf.minifs(K8:K14,K8:K14,">"&0),0) -> 0

Sheet Resumen Sem 4
F2: EL RESUMEN SEMANAL DE ACTIVIDADES
B5: Nombre | C5: Ana Elena Macías Amezcua | I5: Fecha: 04/05/2026 – 10/05/2026
A6: 1 | B6: Tarea | C6: Lectura del proyecto | D6: Elaboración PSP | E6: Análisis IEEE-830/SRS | F6: Elaboración TRS | G6: Entrevista cliente | H6: Elaboración TDCU | I6: Diagramas UML | J6: Revisión / Validación | K6: Total
A7: 2 | B7: Fecha
A8: 3 | B8: L 04/05/2026 | K8: =SUM(C8:J8) -> 0
A9: 4 | B9: M 05/05/2026 | J9: 120 | K9: =SUM(C9:J9) -> 120
A10: 5 | B10: MI 06/05/2026 | K10: =SUM(C10:J10) -> 0
A11: 6 | B11: J 07/05/2026 | K11: =SUM(C11:J11) -> 0
A12: 7 | B12: V 08/05/2026 | K12: =SUM(C12:J12) -> 0
A13: 8 | B13: S 09/05/2026 | K13: =SUM(C13:J13) -> 0
A14: 9 | B14: D 10/05/2026 | J14: 90 | K14: =SUM(C14:J14) -> 90
A15: 10 | B15: Totales | C15: =SUM(C7:C14) -> 0 | D15: =SUM(D7:D14) -> 0 | E15: =SUM(E7:E14) -> 0 | F15: =SUM(F7:F14) -> 0 | G15: =SUM(G7:G14) -> 0 | H15: =SUM(H7:H14) -> 0 | I15: =SUM(I7:I14) -> 0 | J15: =SUM(J7:J14) -> 210 | K15: =SUM(K7:K14) -> 210
A16: 11 | B16: Tiempos y Medidas del Periodo Número de Semanas (número anterior +1): ____________
A17: 12 | B17: Resumen de las semanas anteriores
A18: 13 | B18: Totales | C18: 120 | D18: 60 | E18: 350 | F18: 90 | G18: 60 | H18: 55 | I18: 705 | J18: 60 | K18: 1500
A19: 14 | B19: Med. | C19: =IFERROR(MEDIAN(C8:C14),0) -> 0 | D19: =IFERROR(MEDIAN(D8:D14),0) -> 0 | E19: =IFERROR(MEDIAN(E8:E14),0) -> 0 | F19: =IFERROR(MEDIAN(F8:F14),0) -> 0 | G19: =IFERROR(MEDIAN(G8:G14),0) -> 0 | H19: =IFERROR(MEDIAN(H8:H14),0) -> 0 | I19: =IFERROR(MEDIAN(I8:I14),0) -> 0 | J19: =IFERROR(MEDIAN(J8:J14),0) -> 105 | K19: =MEDIAN(K8:K14) -> 0
A20: 15 | B20: Máx. | C20: =MAX(C8:C14) -> 0 | D20: =MAX(D8:D14) -> 0 | E20: =MAX(E8:E14) -> 0 | F20: =MAX(F8:F14) -> 0 | G20: =MAX(G8:G14) -> 0 | H20: =MAX(H8:H14) -> 0 | I20: =MAX(I8:I14) -> 0 | J20: =MAX(J8:J14) -> 120 | K20: =MAX(K8:K14) -> 120
A21: 16 | B21: Mín. | C21: =MIN(C8:C14) -> 0 | D21: =MIN(D8:D14) -> 0 | E21: =MIN(E8:E14) -> 0 | F21: =MIN(F8:F14) -> 0 | G21: =MIN(G8:G14) -> 0 | H21: =MIN(H8:H14) -> 0 | I21: =MIN(I8:I14) -> 0 | J21: =MIN(J8:J14) -> 90 | K21: =MIN(K8:K14) -> 0
A22: 17 | B22: Resumen incluyendo la última semana
A23: 18 | B23: Totales | C23: =C18+C15 -> 120 | D23: =D18+D15 -> 60 | E23: =E18+E15 -> 350 | F23: =F18+F15 -> 90 | G23: =G18+G15 -> 60 | H23: =H18+H15 -> 55 | I23: =I18+I15 -> 705 | J23: =J18+J15 -> 270 | K23: =K18+K15 -> 1710
A24: 19 | B24: Avg. | C24: =IFERROR(C23/COUNTIF(C8:C14,">"&0),0) -> 0 | D24: =IFERROR(D23/COUNTIF(D8:D14,">"&0),0) -> 0 | E24: =IFERROR(E23/COUNTIF(E8:E14,">"&0),0) -> 0 | F24: =IFERROR(F23/COUNTIF(F8:F14,">"&0),0) -> 0 | G24: =IFERROR(G23/COUNTIF(G8:G14,">"&0),0) -> 0 | H24: =IFERROR(H23/COUNTIF(H8:H14,">"&0),0) -> 0 | I24: =IFERROR(I23/COUNTIF(I8:I14,">"&0),0) -> 0 | J24: =IFERROR(J23/COUNTIF(J8:J14,">"&0),0) -> 135 | K24: =IFERROR(K23/COUNTIF(K8:K14,">"&0),0) -> 855
A25: 20 | B25: Máx. | C25: =MAX(C8:C14) -> 0 | D25: =MAX(D8:D14) -> 0 | E25: =MAX(E8:E14) -> 0 | F25: =MAX(F8:F14) -> 0 | G25: =MAX(G8:G14) -> 0 | H25: =MAX(H8:H14) -> 0 | I25: =MAX(I8:I14) -> 0 | J25: =MAX(J8:J14) -> 120 | K25: =MAX(K8:K14) -> 120
A26: 21 | B26: Min. | C26: =IFERROR(_xludf.minifs(C8:C14,C8:C14,">"&0),0) -> 0 | D26: =IFERROR(_xludf.minifs(D8:D14,D8:D14,">"&0),0) -> 0 | E26: =IFERROR(_xludf.minifs(E8:E14,E8:E14,">"&0),0) -> 0 | F26: =IFERROR(_xludf.minifs(F8:F14,F8:F14,">"&0),0) -> 0 | G26: =IFERROR(_xludf.minifs(G8:G14,G8:G14,">"&0),0) -> 0 | H26: =IFERROR(_xludf.minifs(H8:H14,H8:H14,">"&0),0) -> 0 | I26: =IFERROR(_xludf.minifs(I8:I14,I8:I14,">"&0),0) -> 0 | J26: =IFERROR(_xludf.minifs(J8:J14,J8:J14,">"&0),0) -> 0 | K26: =IFERROR(_xludf.minifs(K8:K14,K8:K14,">"&0),0) -> 0
